https://s3.amazonaws.com/gms-gallery/IMG_20160530_173813475.jpg,https://s3.amazonaws.com/gms-gallery/thumb/IMG_20160530_173813475.jpg,new,Winthrop,,
https://s3.amazonaws.com/gms-gallery/IMG_20160607_174443732.jpg,https://s3.amazonaws.com/gms-gallery/thumb/IMG_20160607_174443732.jpg,new,Red Boat,14 x 20,
https://s3.amazonaws.com/gms-gallery/IMG_20160607_174859621.jpg,https://s3.amazonaws.com/gms-gallery/thumb/IMG_20160607_174859621.jpg,new,Full sail Scooner,14 x 20,
https://s3.amazonaws.com/gms-gallery/IMG_20160609_121115556.jpg,https://s3.amazonaws.com/gms-gallery/thumb/IMG_20160609_121115556.jpg,new,Bradington Harbor (on wood),4.5 x 7.5,
https://s3.amazonaws.com/gms-gallery/IMG_20160616_181721023.jpg,https://s3.amazonaws.com/gms-gallery/thumb/IMG_20160616_181721023.jpg,new,Maine Fishing Boats,12 x 16,
https://s3.amazonaws.com/gms-gallery/IMG_20160623_130208989.jpg,https://s3.amazonaws.com/gms-gallery/thumb/IMG_20160623_130208989.jpg,new,Boston Harbor,12 x 16,
https://s3.amazonaws.com/gms-gallery/IMG_20160623_170817611.jpg,https://s3.amazonaws.com/gms-gallery/thumb/IMG_20160623_170817611.jpg,new,Winthrop Sunset,10 x 14,
https://s3.amazonaws.com/gms-gallery/IMG_20160624_112920813.jpg,https://s3.amazonaws.com/gms-gallery/thumb/IMG_20160624_112920813.jpg,new,Catalina Sunrise,12 x 16,
https://s3.amazonaws.com/gms-gallery/IMG_20160704_104028009.jpg,https://s3.amazonaws.com/gms-gallery/thumb/IMG_20160704_104028009.jpg,new,Savana Tugs,12 x 16,
https://s3.amazonaws.com/gms-gallery/IMG_20160704_104811013.jpg,https://s3.amazonaws.com/gms-gallery/thumb/IMG_20160704_104811013.jpg,new,Greenport Dry Dock,12 x 16,
https://s3.amazonaws.com/gms-gallery/IMG_20160721_131823696.jpg,https://s3.amazonaws.com/gms-gallery/thumb/IMG_20160721_131823696.jpg,new,Catalina Sunrise 2,18 x 24,
https://s3.amazonaws.com/gms-gallery/IMG_20160721_131842947.jpg,https://s3.amazonaws.com/gms-gallery/thumb/IMG_20160721_131842947.jpg,new,Newport prelim,8 x 12,
https://s3.amazonaws.com/gms-gallery/IMG_20160825_134045132.jpg,https://s3.amazonaws.com/gms-gallery/thumb/IMG_20160825_134045132.jpg,new,Hudson Park Harbor,12 x 16,
https://s3.amazonaws.com/gms-gallery/IMG_20160825_134107028.jpg,https://s3.amazonaws.com/gms-gallery/thumb/IMG_20160825_134107028.jpg,new,Copenhagen 2,12 x 16,
https://s3.amazonaws.com/gms-gallery/IMG_20160825_134128034.jpg,https://s3.amazonaws.com/gms-gallery/thumb/IMG_20160825_134128034.jpg,new,Harbor Color,12 x 16,
https://s3.amazonaws.com/gms-gallery/IMG_20160919_144327122.jpg,https://s3.amazonaws.com/gms-gallery/thumb/IMG_20160919_144327122.jpg,new,San Juan Race,12 x 16,
https://s3.amazonaws.com/gms-gallery/IMG_20160927_194407972.jpg,https://s3.amazonaws.com/gms-gallery/thumb/IMG_20160927_194407972.jpg,new,Greek Harbor,12 x 16,
https://s3.amazonaws.com/gms-gallery/IMG_20160927_200139135.jpg,https://s3.amazonaws.com/gms-gallery/thumb/IMG_20160927_200139135.jpg,new,,,
https://s3.amazonaws.com/gms-gallery/IMG_20160927_200152195.jpg,https://s3.amazonaws.com/gms-gallery/thumb/IMG_20160927_200152195.jpg,new,San Juan Race,,
https://s3.amazonaws.com/gms-gallery/IMG_20160928_171241814.jpg,https://s3.amazonaws.com/gms-gallery/thumb/IMG_20160928_171241814.jpg,new,Newport Lighthouse,12 x 16,
https://s3.amazonaws.com/gms-gallery/IMG_20160928_124533965.jpg,https://s3.amazonaws.com/gms-gallery/thumb/IMG_20160928_124533965.jpg,new,Newport Lighthouse,,
https://s3.amazonaws.com/gms-gallery/IMG_20160706_145416005.jpg,https://s3.amazonaws.com/gms-gallery/thumb/IMG_20160706_145416005.jpg,new,Boston Harbor 2,18 x 24,s
https://s3.amazonaws.com/gms-gallery/IMG_20160912_174157410.jpg,https://s3.amazonaws.com/gms-gallery/thumb/IMG_20160912_174157410.jpg,new,Catalina Harbor 2,12 x 16,s
https://s3.amazonaws.com/gms-gallery/IMG_20160530_173813475.jpg,https://s3.amazonaws.com/gms-gallery/thumb/IMG_20160530_173813475.jpg,boat-sketches,Winthrop,,
https://s3.amazonaws.com/gms-gallery/IMG_20160607_174443732.jpg,https://s3.amazonaws.com/gms-gallery/thumb/IMG_20160607_174443732.jpg,boat-paintings,Red Boat,14 x 20,
https://s3.amazonaws.com/gms-gallery/IMG_20160607_174859621.jpg,https://s3.amazonaws.com/gms-gallery/thumb/IMG_20160607_174859621.jpg,boat-paintings,Full sail Scooner,14 x 20,
https://s3.amazonaws.com/gms-gallery/IMG_20160609_121115556.jpg,https://s3.amazonaws.com/gms-gallery/thumb/IMG_20160609_121115556.jpg,boat-paintings,Bradington Harbor (on wood),4.5 x 7.5,
https://s3.amazonaws.com/gms-gallery/IMG_20160616_181721023.jpg,https://s3.amazonaws.com/gms-gallery/thumb/IMG_20160616_181721023.jpg,boat-paintings,Maine Fishing Boats,12 x 16,
https://s3.amazonaws.com/gms-gallery/IMG_20160623_130208989.jpg,https://s3.amazonaws.com/gms-gallery/thumb/IMG_20160623_130208989.jpg,boat-paintings,Boston Harbor,12 x 16,
https://s3.amazonaws.com/gms-gallery/IMG_20160623_170817611.jpg,https://s3.amazonaws.com/gms-gallery/thumb/IMG_20160623_170817611.jpg,boat-paintings,Winthrop Sunset,10 x 14,
https://s3.amazonaws.com/gms-gallery/IMG_20160624_112920813.jpg,https://s3.amazonaws.com/gms-gallery/thumb/IMG_20160624_112920813.jpg,boat-paintings,Catalina Sunrise,12 x 16,
https://s3.amazonaws.com/gms-gallery/IMG_20160704_104028009.jpg,https://s3.amazonaws.com/gms-gallery/thumb/IMG_20160704_104028009.jpg,boat-paintings,Savana Tugs,12 x 16,
https://s3.amazonaws.com/gms-gallery/IMG_20160704_104811013.jpg,https://s3.amazonaws.com/gms-gallery/thumb/IMG_20160704_104811013.jpg,boat-paintings,Greenport Dry Dock,12 x 16,
https://s3.amazonaws.com/gms-gallery/IMG_20160721_131823696.jpg,https://s3.amazonaws.com/gms-gallery/thumb/IMG_20160721_131823696.jpg,boat-paintings,Catalina Sunrise 2,18 x 24,
https://s3.amazonaws.com/gms-gallery/IMG_20160721_131842947.jpg,https://s3.amazonaws.com/gms-gallery/thumb/IMG_20160721_131842947.jpg,color-checks,Newport prelim,8 x 12,
https://s3.amazonaws.com/gms-gallery/IMG_20160825_134045132.jpg,https://s3.amazonaws.com/gms-gallery/thumb/IMG_20160825_134045132.jpg,boat-paintings,Hudson Park Harbor,12 x 16,
https://s3.amazonaws.com/gms-gallery/IMG_20160825_134107028.jpg,https://s3.amazonaws.com/gms-gallery/thumb/IMG_20160825_134107028.jpg,boat-paintings,Copenhagen 2,12 x 16,
https://s3.amazonaws.com/gms-gallery/IMG_20160825_134128034.jpg,https://s3.amazonaws.com/gms-gallery/thumb/IMG_20160825_134128034.jpg,boat-paintings,Harbor Color,12 x 16,
https://s3.amazonaws.com/gms-gallery/IMG_20160919_144327122.jpg,https://s3.amazonaws.com/gms-gallery/thumb/IMG_20160919_144327122.jpg,boat-paintings,San Juan Race,12 x 16,
https://s3.amazonaws.com/gms-gallery/IMG_20160927_194407972.jpg,https://s3.amazonaws.com/gms-gallery/thumb/IMG_20160927_194407972.jpg,boat-paintings,Greek Harbor,12 x 16,
https://s3.amazonaws.com/gms-gallery/IMG_20160927_200139135.jpg,https://s3.amazonaws.com/gms-gallery/thumb/IMG_20160927_200139135.jpg,boat-sketches,,,
https://s3.amazonaws.com/gms-gallery/IMG_20160927_200152195.jpg,https://s3.amazonaws.com/gms-gallery/thumb/IMG_20160927_200152195.jpg,boat-sketches,San Juan Race,,
https://s3.amazonaws.com/gms-gallery/IMG_20160928_171241814.jpg,https://s3.amazonaws.com/gms-gallery/thumb/IMG_20160928_171241814.jpg,boat-paintings,Newport Lighthouse,12 x 16,
https://s3.amazonaws.com/gms-gallery/IMG_20160928_124533965.jpg,https://s3.amazonaws.com/gms-gallery/thumb/IMG_20160928_124533965.jpg,pens,Newport Lighthouse,,
https://s3.amazonaws.com/gms-gallery/IMG_20160706_145416005.jpg,https://s3.amazonaws.com/gms-gallery/thumb/IMG_20160706_145416005.jpg,boat-paintings,Boston Harbor 2,18 x 24,s
https://s3.amazonaws.com/gms-gallery/IMG_20160912_174157410.jpg,https://s3.amazonaws.com/gms-gallery/thumb/IMG_20160912_174157410.jpg,boat-paintings,Catalina Harbor 2,12 x 16,s
https://s3.amazonaws.com/gms-gallery/IMG_20160709_203551071.jpg,https://s3.amazonaws.com/gms-gallery/thumb/IMG_20160709_203551071.jpg,boat-paintings,Three and a Half Boats,14 x 20,s
https://s3.amazonaws.com/gms-gallery/IMG_20160203_180233415.jpg,https://s3.amazonaws.com/gms-gallery/thumb/IMG_20160203_180233415.jpg,new,Swan family,14 x 20,s
https://s3.amazonaws.com/gms-gallery/IMG_20160121_112619.jpg,https://s3.amazonaws.com/gms-gallery/thumb/IMG_20160121_112619.jpg,boat-paintings,Calm Seas Maine,14 x 20,s
https://s3.amazonaws.com/gms-gallery/IMG_20160121_112933.jpg,https://s3.amazonaws.com/gms-gallery/thumb/IMG_20160121_112933.jpg,boat-paintings,Stars and Light House,14 x 20,s
https://s3.amazonaws.com/gms-gallery/IMG_20160121_113243.jpg,https://s3.amazonaws.com/gms-gallery/thumb/IMG_20160121_113243.jpg,boat-paintings,Amsterdam Seaport,14 x 20,s
https://s3.amazonaws.com/gms-gallery/IMG_20160121_113328.jpg,https://s3.amazonaws.com/gms-gallery/thumb/IMG_20160121_113328.jpg,boat-paintings,Catalina Harbor,14 x 20,s
https://s3.amazonaws.com/gms-gallery/IMG_20160121_113932.jpg,https://s3.amazonaws.com/gms-gallery/thumb/IMG_20160121_113932.jpg,boat-paintings,New Rochelle Lower Harbor,14 x 20,s
https://s3.amazonaws.com/gms-gallery/IMG_20160121_114422.jpg,https://s3.amazonaws.com/gms-gallery/thumb/IMG_20160121_114422.jpg,boat-paintings,Bradenton Red,14 x 20,s
https://s3.amazonaws.com/gms-gallery/IMG_20160122_102106643.jpg,https://s3.amazonaws.com/gms-gallery/thumb/IMG_20160122_102106643.jpg,boat-paintings,Bradenton Black,12 x 18,s
https://s3.amazonaws.com/gms-gallery/IMG_20160122_110057505.jpg,https://s3.amazonaws.com/gms-gallery/thumb/IMG_20160122_110057505.jpg,boat-paintings,Ghost ship with Full Moon,7 x 11,s
https://s3.amazonaws.com/gms-gallery/IMG_20160122_102349295.jpg,https://s3.amazonaws.com/gms-gallery/thumb/IMG_20160122_102349295.jpg,seascape-paintings,Tropical Beach,14 x 20,s
https://s3.amazonaws.com/gms-gallery/IMG_20160531_140041398.jpg,https://s3.amazonaws.com/gms-gallery/thumb/IMG_20160531_140041398.jpg,seascape-paintings,Tropic Hotel,10 x 14,
https://s3.amazonaws.com/gms-gallery/IMG_20160827_135204759.jpg,https://s3.amazonaws.com/gms-gallery/thumb/IMG_20160827_135204759.jpg,boat-sketches,,,
https://s3.amazonaws.com/gms-gallery/IMG_20160831_220339645.jpg,https://s3.amazonaws.com/gms-gallery/thumb/IMG_20160831_220339645.jpg,boat-sketches,,,
https://s3.amazonaws.com/gms-gallery/IMG_20160927_195914049.jpg,https://s3.amazonaws.com/gms-gallery/thumb/IMG_20160927_195914049.jpg,misc-objects,,,
https://s3.amazonaws.com/gms-gallery/IMG_20160927_200012070.jpg,https://s3.amazonaws.com/gms-gallery/thumb/IMG_20160927_200012070.jpg,boat-sketches,,,
https://s3.amazonaws.com/gms-gallery/IMG_20160927_200038360.jpg,https://s3.amazonaws.com/gms-gallery/thumb/IMG_20160927_200038360.jpg,boat-sketches,,,
https://s3.amazonaws.com/gms-gallery/IMG_20160927_200100091.jpg,https://s3.amazonaws.com/gms-gallery/thumb/IMG_20160927_200100091.jpg,boat-sketches,,,
https://s3.amazonaws.com/gms-gallery/IMG_20160927_200111290.jpg,https://s3.amazonaws.com/gms-gallery/thumb/IMG_20160927_200111290.jpg,boat-sketches,,,
https://s3.amazonaws.com/gms-gallery/IMG_20160927_200123047.jpg,https://s3.amazonaws.com/gms-gallery/thumb/IMG_20160927_200123047.jpg,boat-sketches,Boston Cruise,,
https://s3.amazonaws.com/gms-gallery/IMG_20160129_170056336.jpg,https://s3.amazonaws.com/gms-gallery/thumb/IMG_20160129_170056336.jpg,new,Swan Family Sketch,8 x 12,
https://s3.amazonaws.com/gms-gallery/IMG_20160202_111939975.jpg,https://s3.amazonaws.com/gms-gallery/thumb/IMG_20160202_111939975.jpg,new,Cygnets Practice,4 x 7,
https://s3.amazonaws.com/gms-gallery/IMG_20160205_145821184.jpg,https://s3.amazonaws.com/gms-gallery/thumb/IMG_20160205_145821184.jpg,new,G by the Sea,14 x 20,
https://s3.amazonaws.com/gms-gallery/IMG_20160217_173123116.jpg,https://s3.amazonaws.com/gms-gallery/thumb/IMG_20160217_173123116.jpg,new,Tugs on the Savana River,7 x 9.5,
https://s3.amazonaws.com/gms-gallery/IMG_20160217_173703854.jpg,https://s3.amazonaws.com/gms-gallery/thumb/IMG_20160217_173703854.jpg,new,Booth Bay Black and White,9 x 11,
https://s3.amazonaws.com/gms-gallery/IMG_20160219_154845616.jpg,https://s3.amazonaws.com/gms-gallery/thumb/IMG_20160219_154845616.jpg,new,New England Fishing Boats,9 x 12,
https://s3.amazonaws.com/gms-gallery/IMG_20160223_102917496.jpg,https://s3.amazonaws.com/gms-gallery/thumb/IMG_20160223_102917496.jpg,new,Blue Skies over Long Island Sound,7.5 x 10,
https://s3.amazonaws.com/gms-gallery/IMG_20160223_103051515.jpg,https://s3.amazonaws.com/gms-gallery/thumb/IMG_20160223_103051515.jpg,new,Swan Sunset,9 x 13,
https://s3.amazonaws.com/gms-gallery/IMG_20160223_113944086.jpg,https://s3.amazonaws.com/gms-gallery/thumb/IMG_20160223_113944086.jpg,new,Old Mill sketch,10 x 13,
https://s3.amazonaws.com/gms-gallery/IMG_20160121_111809.jpg,https://s3.amazonaws.com/gms-gallery/thumb/IMG_20160121_111809.jpg,boat-paintings,Three Boats on Hudson,14 x 10 p&w,
https://s3.amazonaws.com/gms-gallery/IMG_20160121_111920~3.jpg,https://s3.amazonaws.com/gms-gallery/thumb/IMG_20160121_111920~3.jpg,boat-paintings,Going ashore,14 x 10,
https://s3.amazonaws.com/gms-gallery/IMG_20160121_112300.jpg,https://s3.amazonaws.com/gms-gallery/thumb/IMG_20160121_112300.jpg,boat-paintings,Glen Island Bridge,14 x 20,
https://s3.amazonaws.com/gms-gallery/IMG_20160121_112340.jpg,https://s3.amazonaws.com/gms-gallery/thumb/IMG_20160121_112340.jpg,boat-paintings,Full sails,10 x 14,
https://s3.amazonaws.com/gms-gallery/IMG_20160121_112418.jpg,https://s3.amazonaws.com/gms-gallery/thumb/IMG_20160121_112418.jpg,boat-paintings,Revisit,10 x 14,
https://s3.amazonaws.com/gms-gallery/IMG_20160121_112811.jpg,https://s3.amazonaws.com/gms-gallery/thumb/IMG_20160121_112811.jpg,boat-paintings,Storm on the Horizon,14 x 20,
https://s3.amazonaws.com/gms-gallery/IMG_20160121_113452.jpg,https://s3.amazonaws.com/gms-gallery/thumb/IMG_20160121_113452.jpg,boat-paintings,Peaceful Evening,14 x 20,
https://s3.amazonaws.com/gms-gallery/IMG_20160121_113542.jpg,https://s3.amazonaws.com/gms-gallery/thumb/IMG_20160121_113542.jpg,boat-paintings,Sundown with Dinghy,14 x 20,
https://s3.amazonaws.com/gms-gallery/IMG_20160121_113815.jpg,https://s3.amazonaws.com/gms-gallery/thumb/IMG_20160121_113815.jpg,boat-paintings,Dock and Boat,14 x 20,
https://s3.amazonaws.com/gms-gallery/IMG_20160121_113855.jpg,https://s3.amazonaws.com/gms-gallery/thumb/IMG_20160121_113855.jpg,boat-paintings,Five Mile Island Mooring,14 x 20,
https://s3.amazonaws.com/gms-gallery/IMG_20160122_101244797.jpg,https://s3.amazonaws.com/gms-gallery/thumb/IMG_20160122_101244797.jpg,boat-paintings,New Rochelle Lower Harbor With Swans,14 x 20,
https://s3.amazonaws.com/gms-gallery/IMG_20160122_101601231.jpg,https://s3.amazonaws.com/gms-gallery/thumb/IMG_20160122_101601231.jpg,boat-paintings,Three Boats Amsterdam,14 x 20,
https://s3.amazonaws.com/gms-gallery/IMG_20160122_101748741.jpg,https://s3.amazonaws.com/gms-gallery/thumb/IMG_20160122_101748741.jpg,boat-paintings,Glen Island Redo,14 x 20,
https://s3.amazonaws.com/gms-gallery/IMG_20160122_101841406.jpg,https://s3.amazonaws.com/gms-gallery/thumb/IMG_20160122_101841406.jpg,boat-paintings,Parkview View,12 x 16,
https://s3.amazonaws.com/gms-gallery/IMG_20160122_102016923.jpg,https://s3.amazonaws.com/gms-gallery/thumb/IMG_20160122_102016923.jpg,boat-paintings,Dinghies at Play,14 x 20,
https://s3.amazonaws.com/gms-gallery/IMG_20160122_102235080.jpg,https://s3.amazonaws.com/gms-gallery/thumb/IMG_20160122_102235080.jpg,boat-paintings,Glen Island Pier,14 x 20,
https://s3.amazonaws.com/gms-gallery/IMG_20160122_102317387.jpg,https://s3.amazonaws.com/gms-gallery/thumb/IMG_20160122_102317387.jpg,boat-paintings,Full sail Scooner,14 x 20,
https://s3.amazonaws.com/gms-gallery/IMG_20160122_102426197.jpg,https://s3.amazonaws.com/gms-gallery/thumb/IMG_20160122_102426197.jpg,boat-paintings,Peir 6 Sailing School,14 x 20,
https://s3.amazonaws.com/gms-gallery/IMG_20160122_104731532.jpg,https://s3.amazonaws.com/gms-gallery/thumb/IMG_20160122_104731532.jpg,boat-paintings,Tall Ship Starboard Sun,10 x 14,
https://s3.amazonaws.com/gms-gallery/IMG_20160122_104933667.jpg,https://s3.amazonaws.com/gms-gallery/thumb/IMG_20160122_104933667.jpg,boat-paintings,Dinghies First Try,8 x 12,
https://s3.amazonaws.com/gms-gallery/IMG_20160122_105008140.jpg,https://s3.amazonaws.com/gms-gallery/thumb/IMG_20160122_105008140.jpg,boat-paintings,Glen Island Bridge,11 x 14,
https://s3.amazonaws.com/gms-gallery/IMG_20160122_105153976.jpg,https://s3.amazonaws.com/gms-gallery/thumb/IMG_20160122_105153976.jpg,boat-paintings,Dinghies Pen and Wash,10 x 14 p&w,
https://s3.amazonaws.com/gms-gallery/IMG_20160122_105253543.jpg,https://s3.amazonaws.com/gms-gallery/thumb/IMG_20160122_105253543.jpg,boat-paintings,Three Boats Amsterdam,10 x 14,
https://s3.amazonaws.com/gms-gallery/IMG_20160122_105326138.jpg,https://s3.amazonaws.com/gms-gallery/thumb/IMG_20160122_105326138.jpg,boat-paintings,Glen Island Harbor First Try,10 x 14,
https://s3.amazonaws.com/gms-gallery/IMG_20160122_105342513.jpg,https://s3.amazonaws.com/gms-gallery/thumb/IMG_20160122_105342513.jpg,boat-paintings,Branenton Pen and Wash,10 x 14 p&w,
https://s3.amazonaws.com/gms-gallery/IMG_20160122_105400704.jpg,https://s3.amazonaws.com/gms-gallery/thumb/IMG_20160122_105400704.jpg,boat-paintings,Booth Bay Dock Pen and Wash,10 x 14 p&w,
https://s3.amazonaws.com/gms-gallery/IMG_20160122_105432197.jpg,https://s3.amazonaws.com/gms-gallery/thumb/IMG_20160122_105432197.jpg,boat-paintings,African Sail,10 x 14,
https://s3.amazonaws.com/gms-gallery/IMG_20160122_105500205.jpg,https://s3.amazonaws.com/gms-gallery/thumb/IMG_20160122_105500205.jpg,boat-paintings,Boats at Dock in Maine,11 x 14,
https://s3.amazonaws.com/gms-gallery/IMG_20160122_105517141.jpg,https://s3.amazonaws.com/gms-gallery/thumb/IMG_20160122_105517141.jpg,boat-paintings,Echo Bay Moorings,11 x 14,
https://s3.amazonaws.com/gms-gallery/IMG_20160122_105651560.jpg,https://s3.amazonaws.com/gms-gallery/thumb/IMG_20160122_105651560.jpg,boat-paintings,Booth Bay loose,10 x 14 p&w,
https://s3.amazonaws.com/gms-gallery/IMG_20160122_105732580.jpg,https://s3.amazonaws.com/gms-gallery/thumb/IMG_20160122_105732580.jpg,boat-paintings,Maine Dock Pen and Wash,10 x 14 p&w,
https://s3.amazonaws.com/gms-gallery/IMG_20160122_105806753.jpg,https://s3.amazonaws.com/gms-gallery/thumb/IMG_20160122_105806753.jpg,boat-paintings,Brown Sail Full Speed,10 x 14,
https://s3.amazonaws.com/gms-gallery/IMG_20160122_105922050.jpg,https://s3.amazonaws.com/gms-gallery/thumb/IMG_20160122_105922050.jpg,boat-paintings,Sailboat blue and loose,4.5 x 6.5,
https://s3.amazonaws.com/gms-gallery/IMG_20160122_105933305.jpg,https://s3.amazonaws.com/gms-gallery/thumb/IMG_20160122_105933305.jpg,boat-paintings,Tour boat Boston Harbor,4.5 x 6.5,
https://s3.amazonaws.com/gms-gallery/IMG_20160122_110026978.jpg,https://s3.amazonaws.com/gms-gallery/thumb/IMG_20160122_110026978.jpg,boat-paintings,Sunset practice,10 x 14,
https://s3.amazonaws.com/gms-gallery/IMG_20160122_110047623.jpg,https://s3.amazonaws.com/gms-gallery/thumb/IMG_20160122_110047623.jpg,boat-paintings,Tall Ship practice,6 x 6,
https://s3.amazonaws.com/gms-gallery/IMG_20160122_110124636.jpg,https://s3.amazonaws.com/gms-gallery/thumb/IMG_20160122_110124636.jpg,boat-paintings,Three Boats Pen and Wash,10 x 14,
https://s3.amazonaws.com/gms-gallery/IMG_20160122_110158870.jpg,https://s3.amazonaws.com/gms-gallery/thumb/IMG_20160122_110158870.jpg,boat-paintings,Boats Low Tide,10 x 14,
https://s3.amazonaws.com/gms-gallery/IMG_20160122_110215795.jpg,https://s3.amazonaws.com/gms-gallery/thumb/IMG_20160122_110215795.jpg,boat-paintings,Oriental Rig,10 x 14,
https://s3.amazonaws.com/gms-gallery/IMG_20160122_111910892.jpg,https://s3.amazonaws.com/gms-gallery/thumb/IMG_20160122_111910892.jpg,boat-paintings,Low Tide English Harbor,14 x 20,
https://s3.amazonaws.com/gms-gallery/IMG_20160122_111925258.jpg,https://s3.amazonaws.com/gms-gallery/thumb/IMG_20160122_111925258.jpg,boat-paintings,Glen Island Bridge Pen and Wash,10 x 14 p&w,
https://s3.amazonaws.com/gms-gallery/IMG_20160122_112156824_HDR.jpg,https://s3.amazonaws.com/gms-gallery/thumb/IMG_20160122_112156824_HDR.jpg,boat-paintings,Booth Bay Dock,10 x 14,
https://s3.amazonaws.com/gms-gallery/IMG_20160122_112426575.jpg,https://s3.amazonaws.com/gms-gallery/thumb/IMG_20160122_112426575.jpg,boat-paintings,Three Boats on Hudson 24x18,18 x 24,
https://s3.amazonaws.com/gms-gallery/IMG_20160122_110456399_HDR.jpg,https://s3.amazonaws.com/gms-gallery/thumb/IMG_20160122_110456399_HDR.jpg,boat-sketches,,,
https://s3.amazonaws.com/gms-gallery/IMG_20160122_110548923_HDR.jpg,https://s3.amazonaws.com/gms-gallery/thumb/IMG_20160122_110548923_HDR.jpg,boat-sketches,,,
https://s3.amazonaws.com/gms-gallery/IMG_20160122_110558541_HDR.jpg,https://s3.amazonaws.com/gms-gallery/thumb/IMG_20160122_110558541_HDR.jpg,boat-sketches,,,
https://s3.amazonaws.com/gms-gallery/IMG_20160122_110606738.jpg,https://s3.amazonaws.com/gms-gallery/thumb/IMG_20160122_110606738.jpg,boat-sketches,,,
https://s3.amazonaws.com/gms-gallery/IMG_20160122_110627643.jpg,https://s3.amazonaws.com/gms-gallery/thumb/IMG_20160122_110627643.jpg,boat-sketches,,,
https://s3.amazonaws.com/gms-gallery/IMG_20160122_110646806.jpg,https://s3.amazonaws.com/gms-gallery/thumb/IMG_20160122_110646806.jpg,boat-sketches,,,
https://s3.amazonaws.com/gms-gallery/IMG_20160122_110654612_HDR.jpg,https://s3.amazonaws.com/gms-gallery/thumb/IMG_20160122_110654612_HDR.jpg,boat-sketches,,,
https://s3.amazonaws.com/gms-gallery/IMG_20160122_110701262.jpg,https://s3.amazonaws.com/gms-gallery/thumb/IMG_20160122_110701262.jpg,boat-sketches,,,
https://s3.amazonaws.com/gms-gallery/IMG_20160122_110714978.jpg,https://s3.amazonaws.com/gms-gallery/thumb/IMG_20160122_110714978.jpg,boat-sketches,,,
https://s3.amazonaws.com/gms-gallery/IMG_20160122_110722355_HDR.jpg,https://s3.amazonaws.com/gms-gallery/thumb/IMG_20160122_110722355_HDR.jpg,boat-sketches,,,
https://s3.amazonaws.com/gms-gallery/IMG_20160122_110729544.jpg,https://s3.amazonaws.com/gms-gallery/thumb/IMG_20160122_110729544.jpg,boat-sketches,,,
https://s3.amazonaws.com/gms-gallery/IMG_20160122_110809814.jpg,https://s3.amazonaws.com/gms-gallery/thumb/IMG_20160122_110809814.jpg,boat-sketches,,,
https://s3.amazonaws.com/gms-gallery/IMG_20160122_110931293.jpg,https://s3.amazonaws.com/gms-gallery/thumb/IMG_20160122_110931293.jpg,boat-sketches,,,
https://s3.amazonaws.com/gms-gallery/IMG_20160122_110952142_HDR.jpg,https://s3.amazonaws.com/gms-gallery/thumb/IMG_20160122_110952142_HDR.jpg,boat-sketches,,,
https://s3.amazonaws.com/gms-gallery/IMG_20160122_111000792.jpg,https://s3.amazonaws.com/gms-gallery/thumb/IMG_20160122_111000792.jpg,boat-sketches,,,
https://s3.amazonaws.com/gms-gallery/IMG_20160122_111033104.jpg,https://s3.amazonaws.com/gms-gallery/thumb/IMG_20160122_111033104.jpg,boat-sketches,,,
https://s3.amazonaws.com/gms-gallery/IMG_20160122_111115247.jpg,https://s3.amazonaws.com/gms-gallery/thumb/IMG_20160122_111115247.jpg,boat-sketches,,,
https://s3.amazonaws.com/gms-gallery/IMG_20160122_111123653.jpg,https://s3.amazonaws.com/gms-gallery/thumb/IMG_20160122_111123653.jpg,boat-sketches,,,
https://s3.amazonaws.com/gms-gallery/IMG_20160122_111201808_HDR.jpg,https://s3.amazonaws.com/gms-gallery/thumb/IMG_20160122_111201808_HDR.jpg,boat-sketches,,,
https://s3.amazonaws.com/gms-gallery/IMG_20160122_111217384_HDR.jpg,https://s3.amazonaws.com/gms-gallery/thumb/IMG_20160122_111217384_HDR.jpg,boat-sketches,,,
https://s3.amazonaws.com/gms-gallery/IMG_20160122_111224397.jpg,https://s3.amazonaws.com/gms-gallery/thumb/IMG_20160122_111224397.jpg,boat-sketches,,,
https://s3.amazonaws.com/gms-gallery/IMG_20160122_111237471_HDR.jpg,https://s3.amazonaws.com/gms-gallery/thumb/IMG_20160122_111237471_HDR.jpg,boat-sketches,,,
https://s3.amazonaws.com/gms-gallery/IMG_20160122_111244362.jpg,https://s3.amazonaws.com/gms-gallery/thumb/IMG_20160122_111244362.jpg,boat-sketches,,,
https://s3.amazonaws.com/gms-gallery/IMG_20160122_111327639_HDR.jpg,https://s3.amazonaws.com/gms-gallery/thumb/IMG_20160122_111327639_HDR.jpg,boat-sketches,,,
https://s3.amazonaws.com/gms-gallery/IMG_20160122_111421444.jpg,https://s3.amazonaws.com/gms-gallery/thumb/IMG_20160122_111421444.jpg,boat-sketches,,,
https://s3.amazonaws.com/gms-gallery/IMG_20160122_111449994.jpg,https://s3.amazonaws.com/gms-gallery/thumb/IMG_20160122_111449994.jpg,boat-sketches,,,
https://s3.amazonaws.com/gms-gallery/IMG_20160122_111557064.jpg,https://s3.amazonaws.com/gms-gallery/thumb/IMG_20160122_111557064.jpg,boat-sketches,,,
https://s3.amazonaws.com/gms-gallery/IMG_20160122_111615682.jpg,https://s3.amazonaws.com/gms-gallery/thumb/IMG_20160122_111615682.jpg,boat-sketches,,,
https://s3.amazonaws.com/gms-gallery/IMG_20160122_111638628.jpg,https://s3.amazonaws.com/gms-gallery/thumb/IMG_20160122_111638628.jpg,boat-sketches,,,
https://s3.amazonaws.com/gms-gallery/IMG_20160122_111650121.jpg,https://s3.amazonaws.com/gms-gallery/thumb/IMG_20160122_111650121.jpg,boat-sketches,,,
https://s3.amazonaws.com/gms-gallery/IMG_20160122_111705862_HDR.jpg,https://s3.amazonaws.com/gms-gallery/thumb/IMG_20160122_111705862_HDR.jpg,boat-sketches,,,
https://s3.amazonaws.com/gms-gallery/IMG_20160122_111727009_HDR.jpg,https://s3.amazonaws.com/gms-gallery/thumb/IMG_20160122_111727009_HDR.jpg,boat-sketches,,,
https://s3.amazonaws.com/gms-gallery/IMG_20160122_111735079.jpg,https://s3.amazonaws.com/gms-gallery/thumb/IMG_20160122_111735079.jpg,boat-sketches,,,
https://s3.amazonaws.com/gms-gallery/IMG_20160122_111745337_HDR.jpg,https://s3.amazonaws.com/gms-gallery/thumb/IMG_20160122_111745337_HDR.jpg,boat-sketches,,,
https://s3.amazonaws.com/gms-gallery/IMG_20160122_111800502_HDR.jpg,https://s3.amazonaws.com/gms-gallery/thumb/IMG_20160122_111800502_HDR.jpg,boat-sketches,,,
https://s3.amazonaws.com/gms-gallery/IMG_20160122_113129557_HDR.jpg,https://s3.amazonaws.com/gms-gallery/thumb/IMG_20160122_113129557_HDR.jpg,boat-sketches,,,
https://s3.amazonaws.com/gms-gallery/IMG_20160122_113208483.jpg,https://s3.amazonaws.com/gms-gallery/thumb/IMG_20160122_113208483.jpg,boat-sketches,,,
https://s3.amazonaws.com/gms-gallery/IMG_20160122_113951327_HDR.jpg,https://s3.amazonaws.com/gms-gallery/thumb/IMG_20160122_113951327_HDR.jpg,boat-sketches,,,
https://s3.amazonaws.com/gms-gallery/IMG_20160122_114043666_HDR.jpg,https://s3.amazonaws.com/gms-gallery/thumb/IMG_20160122_114043666_HDR.jpg,boat-sketches,,,
https://s3.amazonaws.com/gms-gallery/IMG_20160122_114152747.jpg,https://s3.amazonaws.com/gms-gallery/thumb/IMG_20160122_114152747.jpg,boat-sketches,,,
https://s3.amazonaws.com/gms-gallery/IMG_20160122_114521347_HDR.jpg,https://s3.amazonaws.com/gms-gallery/thumb/IMG_20160122_114521347_HDR.jpg,boat-sketches,,,
https://s3.amazonaws.com/gms-gallery/IMG_20160122_114600463_HDR.jpg,https://s3.amazonaws.com/gms-gallery/thumb/IMG_20160122_114600463_HDR.jpg,boat-sketches,,,
https://s3.amazonaws.com/gms-gallery/IMG_20160122_114608430_HDR.jpg,https://s3.amazonaws.com/gms-gallery/thumb/IMG_20160122_114608430_HDR.jpg,boat-sketches,,,
https://s3.amazonaws.com/gms-gallery/IMG_20160122_114617926.jpg,https://s3.amazonaws.com/gms-gallery/thumb/IMG_20160122_114617926.jpg,boat-sketches,,,
https://s3.amazonaws.com/gms-gallery/IMG_20160122_114623891.jpg,https://s3.amazonaws.com/gms-gallery/thumb/IMG_20160122_114623891.jpg,boat-sketches,,,
https://s3.amazonaws.com/gms-gallery/IMG_20160122_114642652.jpg,https://s3.amazonaws.com/gms-gallery/thumb/IMG_20160122_114642652.jpg,boat-sketches,,,
https://s3.amazonaws.com/gms-gallery/IMG_20160122_114718453_HDR.jpg,https://s3.amazonaws.com/gms-gallery/thumb/IMG_20160122_114718453_HDR.jpg,boat-sketches,,,
https://s3.amazonaws.com/gms-gallery/IMG_20160122_114723651.jpg,https://s3.amazonaws.com/gms-gallery/thumb/IMG_20160122_114723651.jpg,boat-sketches,,,
https://s3.amazonaws.com/gms-gallery/IMG_20160122_114730575_HDR.jpg,https://s3.amazonaws.com/gms-gallery/thumb/IMG_20160122_114730575_HDR.jpg,boat-sketches,,,
https://s3.amazonaws.com/gms-gallery/IMG_20160122_114736717.jpg,https://s3.amazonaws.com/gms-gallery/thumb/IMG_20160122_114736717.jpg,boat-sketches,,,
https://s3.amazonaws.com/gms-gallery/IMG_20160122_114745112_HDR.jpg,https://s3.amazonaws.com/gms-gallery/thumb/IMG_20160122_114745112_HDR.jpg,boat-sketches,,,
https://s3.amazonaws.com/gms-gallery/IMG_20160122_114750812_HDR.jpg,https://s3.amazonaws.com/gms-gallery/thumb/IMG_20160122_114750812_HDR.jpg,boat-sketches,,,
https://s3.amazonaws.com/gms-gallery/IMG_20160122_114926033.jpg,https://s3.amazonaws.com/gms-gallery/thumb/IMG_20160122_114926033.jpg,boat-sketches,,,
https://s3.amazonaws.com/gms-gallery/IMG_20160122_114930584_HDR.jpg,https://s3.amazonaws.com/gms-gallery/thumb/IMG_20160122_114930584_HDR.jpg,boat-sketches,,,
https://s3.amazonaws.com/gms-gallery/IMG_20160122_114941130_HDR.jpg,https://s3.amazonaws.com/gms-gallery/thumb/IMG_20160122_114941130_HDR.jpg,boat-sketches,,,
https://s3.amazonaws.com/gms-gallery/IMG_20160122_114949925_HDR.jpg,https://s3.amazonaws.com/gms-gallery/thumb/IMG_20160122_114949925_HDR.jpg,boat-sketches,,,
https://s3.amazonaws.com/gms-gallery/IMG_20160122_115003580_HDR.jpg,https://s3.amazonaws.com/gms-gallery/thumb/IMG_20160122_115003580_HDR.jpg,boat-sketches,,,
https://s3.amazonaws.com/gms-gallery/IMG_20160122_115120152_HDR.jpg,https://s3.amazonaws.com/gms-gallery/thumb/IMG_20160122_115120152_HDR.jpg,boat-sketches,,,
https://s3.amazonaws.com/gms-gallery/IMG_20160122_115234057_HDR.jpg,https://s3.amazonaws.com/gms-gallery/thumb/IMG_20160122_115234057_HDR.jpg,boat-sketches,,,
https://s3.amazonaws.com/gms-gallery/IMG_20160122_115259331_HDR.jpg,https://s3.amazonaws.com/gms-gallery/thumb/IMG_20160122_115259331_HDR.jpg,boat-sketches,,,
https://s3.amazonaws.com/gms-gallery/IMG_20160122_115317637.jpg,https://s3.amazonaws.com/gms-gallery/thumb/IMG_20160122_115317637.jpg,boat-sketches,,,
https://s3.amazonaws.com/gms-gallery/IMG_20160122_115326764_HDR.jpg,https://s3.amazonaws.com/gms-gallery/thumb/IMG_20160122_115326764_HDR.jpg,boat-sketches,,,
https://s3.amazonaws.com/gms-gallery/IMG_20160122_115406100.jpg,https://s3.amazonaws.com/gms-gallery/thumb/IMG_20160122_115406100.jpg,boat-sketches,,,
https://s3.amazonaws.com/gms-gallery/IMG_20160122_115410593_HDR.jpg,https://s3.amazonaws.com/gms-gallery/thumb/IMG_20160122_115410593_HDR.jpg,boat-sketches,,,
https://s3.amazonaws.com/gms-gallery/IMG_20160122_115503827.jpg,https://s3.amazonaws.com/gms-gallery/thumb/IMG_20160122_115503827.jpg,boat-sketches,,,
https://s3.amazonaws.com/gms-gallery/IMG_20160122_115509882.jpg,https://s3.amazonaws.com/gms-gallery/thumb/IMG_20160122_115509882.jpg,boat-sketches,,,
https://s3.amazonaws.com/gms-gallery/IMG_20160122_140045127.jpg,https://s3.amazonaws.com/gms-gallery/thumb/IMG_20160122_140045127.jpg,color-checks,Glen Island Bridge,6 x 7,
https://s3.amazonaws.com/gms-gallery/IMG_20160122_140107222.jpg,https://s3.amazonaws.com/gms-gallery/thumb/IMG_20160122_140107222.jpg,color-checks,Long Harbor,4.75 x 5.75,
https://s3.amazonaws.com/gms-gallery/IMG_20160122_140121400.jpg,https://s3.amazonaws.com/gms-gallery/thumb/IMG_20160122_140121400.jpg,color-checks,Bradenton Harbor,6 x 8,
https://s3.amazonaws.com/gms-gallery/IMG_20160122_140137376.jpg,https://s3.amazonaws.com/gms-gallery/thumb/IMG_20160122_140137376.jpg,color-checks,Amsterdam Harbor,6 x 7,
https://s3.amazonaws.com/gms-gallery/IMG_20160122_140154409.jpg,https://s3.amazonaws.com/gms-gallery/thumb/IMG_20160122_140154409.jpg,color-checks,Venice Gondola,7 x 8,
https://s3.amazonaws.com/gms-gallery/IMG_20160122_140213044.jpg,https://s3.amazonaws.com/gms-gallery/thumb/IMG_20160122_140213044.jpg,color-checks,Venice Canal,7.5 x 9.5,
https://s3.amazonaws.com/gms-gallery/IMG_20160122_110015490.jpg,https://s3.amazonaws.com/gms-gallery/thumb/IMG_20160122_110015490.jpg,landscape-paintings,Castle at Glen Island,10 x 14,
https://s3.amazonaws.com/gms-gallery/IMG_20160122_110137936.jpg,https://s3.amazonaws.com/gms-gallery/thumb/IMG_20160122_110137936.jpg,landscape-paintings,Greenport Pen and Wash,10 x 14 p&w,
https://s3.amazonaws.com/gms-gallery/IMG_20160122_112653122.jpg,https://s3.amazonaws.com/gms-gallery/thumb/IMG_20160122_112653122.jpg,landscape-paintings,Greenport large,18 x 18,
https://s3.amazonaws.com/gms-gallery/IMG_20160122_110513070.jpg,https://s3.amazonaws.com/gms-gallery/thumb/IMG_20160122_110513070.jpg,landscape-sketches,,,
https://s3.amazonaws.com/gms-gallery/IMG_20160122_110613665.jpg,https://s3.amazonaws.com/gms-gallery/thumb/IMG_20160122_110613665.jpg,landscape-sketches,,,
https://s3.amazonaws.com/gms-gallery/IMG_20160122_111059461.jpg,https://s3.amazonaws.com/gms-gallery/thumb/IMG_20160122_111059461.jpg,landscape-sketches,,,
https://s3.amazonaws.com/gms-gallery/IMG_20160122_111108065.jpg,https://s3.amazonaws.com/gms-gallery/thumb/IMG_20160122_111108065.jpg,landscape-sketches,,,
https://s3.amazonaws.com/gms-gallery/IMG_20160122_113453873_HDR.jpg,https://s3.amazonaws.com/gms-gallery/thumb/IMG_20160122_113453873_HDR.jpg,landscape-sketches,,,
https://s3.amazonaws.com/gms-gallery/IMG_20160122_114009492_HDR.jpg,https://s3.amazonaws.com/gms-gallery/thumb/IMG_20160122_114009492_HDR.jpg,landscape-sketches,,,
https://s3.amazonaws.com/gms-gallery/IMG_20160122_114035069_HDR.jpg,https://s3.amazonaws.com/gms-gallery/thumb/IMG_20160122_114035069_HDR.jpg,landscape-sketches,,,
https://s3.amazonaws.com/gms-gallery/IMG_20160122_114134499_HDR.jpg,https://s3.amazonaws.com/gms-gallery/thumb/IMG_20160122_114134499_HDR.jpg,landscape-sketches,,,
https://s3.amazonaws.com/gms-gallery/IMG_20160122_114208446_HDR.jpg,https://s3.amazonaws.com/gms-gallery/thumb/IMG_20160122_114208446_HDR.jpg,landscape-sketches,,,
https://s3.amazonaws.com/gms-gallery/IMG_20160122_114223149_HDR.jpg,https://s3.amazonaws.com/gms-gallery/thumb/IMG_20160122_114223149_HDR.jpg,landscape-sketches,,,
https://s3.amazonaws.com/gms-gallery/IMG_20160122_114326087_HDR.jpg,https://s3.amazonaws.com/gms-gallery/thumb/IMG_20160122_114326087_HDR.jpg,landscape-sketches,,,
https://s3.amazonaws.com/gms-gallery/IMG_20160122_114341331_HDR.jpg,https://s3.amazonaws.com/gms-gallery/thumb/IMG_20160122_114341331_HDR.jpg,landscape-sketches,,,
https://s3.amazonaws.com/gms-gallery/IMG_20160122_114348875_HDR.jpg,https://s3.amazonaws.com/gms-gallery/thumb/IMG_20160122_114348875_HDR.jpg,landscape-sketches,,,
https://s3.amazonaws.com/gms-gallery/IMG_20160122_114409360_HDR.jpg,https://s3.amazonaws.com/gms-gallery/thumb/IMG_20160122_114409360_HDR.jpg,landscape-sketches,,,
https://s3.amazonaws.com/gms-gallery/IMG_20160122_114416164_HDR.jpg,https://s3.amazonaws.com/gms-gallery/thumb/IMG_20160122_114416164_HDR.jpg,landscape-sketches,,,
https://s3.amazonaws.com/gms-gallery/IMG_20160122_114442381_HDR.jpg,https://s3.amazonaws.com/gms-gallery/thumb/IMG_20160122_114442381_HDR.jpg,landscape-sketches,,,
https://s3.amazonaws.com/gms-gallery/IMG_20160122_114843683_HDR.jpg,https://s3.amazonaws.com/gms-gallery/thumb/IMG_20160122_114843683_HDR.jpg,landscape-sketches,,,
https://s3.amazonaws.com/gms-gallery/IMG_20160122_115342414_HDR.jpg,https://s3.amazonaws.com/gms-gallery/thumb/IMG_20160122_115342414_HDR.jpg,landscape-sketches,,,
https://s3.amazonaws.com/gms-gallery/IMG_20160122_115803009_HDR.jpg,https://s3.amazonaws.com/gms-gallery/thumb/IMG_20160122_115803009_HDR.jpg,landscape-sketches,,,
https://s3.amazonaws.com/gms-gallery/IMG_20160122_115812312_HDR.jpg,https://s3.amazonaws.com/gms-gallery/thumb/IMG_20160122_115812312_HDR.jpg,landscape-sketches,,,
https://s3.amazonaws.com/gms-gallery/IMG_20160122_115853009_HDR.jpg,https://s3.amazonaws.com/gms-gallery/thumb/IMG_20160122_115853009_HDR.jpg,landscape-sketches,,,
https://s3.amazonaws.com/gms-gallery/IMG_20160122_120025614_HDR.jpg,https://s3.amazonaws.com/gms-gallery/thumb/IMG_20160122_120025614_HDR.jpg,landscape-sketches,,,
https://s3.amazonaws.com/gms-gallery/IMG_20160122_101925883.jpg,https://s3.amazonaws.com/gms-gallery/thumb/IMG_20160122_101925883.jpg,lessons,,,
https://s3.amazonaws.com/gms-gallery/IMG_20160122_105603178.jpg,https://s3.amazonaws.com/gms-gallery/thumb/IMG_20160122_105603178.jpg,lessons,,,
https://s3.amazonaws.com/gms-gallery/IMG_20160122_105827078.jpg,https://s3.amazonaws.com/gms-gallery/thumb/IMG_20160122_105827078.jpg,lessons,,,
https://s3.amazonaws.com/gms-gallery/IMG_20160122_105845911.jpg,https://s3.amazonaws.com/gms-gallery/thumb/IMG_20160122_105845911.jpg,lessons,,,
https://s3.amazonaws.com/gms-gallery/IMG_20160122_105901346.jpg,https://s3.amazonaws.com/gms-gallery/thumb/IMG_20160122_105901346.jpg,lessons,,,
https://s3.amazonaws.com/gms-gallery/IMG_20160122_105959846.jpg,https://s3.amazonaws.com/gms-gallery/thumb/IMG_20160122_105959846.jpg,lessons,,,
https://s3.amazonaws.com/gms-gallery/IMG_20160122_111856390.jpg,https://s3.amazonaws.com/gms-gallery/thumb/IMG_20160122_111856390.jpg,lessons,,,
https://s3.amazonaws.com/gms-gallery/IMG_20160122_111904171.jpg,https://s3.amazonaws.com/gms-gallery/thumb/IMG_20160122_111904171.jpg,lessons,,,
https://s3.amazonaws.com/gms-gallery/IMG_20160122_111932126.jpg,https://s3.amazonaws.com/gms-gallery/thumb/IMG_20160122_111932126.jpg,lessons,,,
https://s3.amazonaws.com/gms-gallery/IMG_20160122_111939002.jpg,https://s3.amazonaws.com/gms-gallery/thumb/IMG_20160122_111939002.jpg,lessons,,,
https://s3.amazonaws.com/gms-gallery/IMG_20160122_111947593.jpg,https://s3.amazonaws.com/gms-gallery/thumb/IMG_20160122_111947593.jpg,lessons,,,
https://s3.amazonaws.com/gms-gallery/IMG_20160122_112114315.jpg,https://s3.amazonaws.com/gms-gallery/thumb/IMG_20160122_112114315.jpg,lessons,,,
https://s3.amazonaws.com/gms-gallery/IMG_20160122_113825293_HDR.jpg,https://s3.amazonaws.com/gms-gallery/thumb/IMG_20160122_113825293_HDR.jpg,misc-objects,,,
https://s3.amazonaws.com/gms-gallery/IMG_20160122_113923893_HDR.jpg,https://s3.amazonaws.com/gms-gallery/thumb/IMG_20160122_113923893_HDR.jpg,misc-objects,,,
https://s3.amazonaws.com/gms-gallery/IMG_20160122_114026556_HDR.jpg,https://s3.amazonaws.com/gms-gallery/thumb/IMG_20160122_114026556_HDR.jpg,misc-objects,,,
https://s3.amazonaws.com/gms-gallery/IMG_20160122_114235483_HDR.jpg,https://s3.amazonaws.com/gms-gallery/thumb/IMG_20160122_114235483_HDR.jpg,misc-objects,,,
https://s3.amazonaws.com/gms-gallery/IMG_20160122_114257627.jpg,https://s3.amazonaws.com/gms-gallery/thumb/IMG_20160122_114257627.jpg,misc-objects,,,
https://s3.amazonaws.com/gms-gallery/IMG_20160122_114307253.jpg,https://s3.amazonaws.com/gms-gallery/thumb/IMG_20160122_114307253.jpg,misc-objects,,,
https://s3.amazonaws.com/gms-gallery/IMG_20160122_114311540.jpg,https://s3.amazonaws.com/gms-gallery/thumb/IMG_20160122_114311540.jpg,misc-objects,,,
https://s3.amazonaws.com/gms-gallery/IMG_20160122_114317247_HDR.jpg,https://s3.amazonaws.com/gms-gallery/thumb/IMG_20160122_114317247_HDR.jpg,misc-objects,,,
https://s3.amazonaws.com/gms-gallery/IMG_20160122_114330710_HDR.jpg,https://s3.amazonaws.com/gms-gallery/thumb/IMG_20160122_114330710_HDR.jpg,misc-objects,,,
https://s3.amazonaws.com/gms-gallery/IMG_20160122_115414953.jpg,https://s3.amazonaws.com/gms-gallery/thumb/IMG_20160122_115414953.jpg,misc-objects,,,
https://s3.amazonaws.com/gms-gallery/IMG_20160122_115432021_HDR.jpg,https://s3.amazonaws.com/gms-gallery/thumb/IMG_20160122_115432021_HDR.jpg,misc-objects,,,
https://s3.amazonaws.com/gms-gallery/IMG_20160122_115443166.jpg,https://s3.amazonaws.com/gms-gallery/thumb/IMG_20160122_115443166.jpg,misc-objects,,,
https://s3.amazonaws.com/gms-gallery/IMG_20160122_113352627_HDR.jpg,https://s3.amazonaws.com/gms-gallery/thumb/IMG_20160122_113352627_HDR.jpg,pens,Lower Harbor,,
https://s3.amazonaws.com/gms-gallery/IMG_20160122_113403903.jpg,https://s3.amazonaws.com/gms-gallery/thumb/IMG_20160122_113403903.jpg,pens,Glen Island Bridge,,
https://s3.amazonaws.com/gms-gallery/IMG_20160122_113435152_HDR.jpg,https://s3.amazonaws.com/gms-gallery/thumb/IMG_20160122_113435152_HDR.jpg,pens,Darien Dock,,
https://s3.amazonaws.com/gms-gallery/IMG_20160122_113445906_HDR.jpg,https://s3.amazonaws.com/gms-gallery/thumb/IMG_20160122_113445906_HDR.jpg,pens,Booth Bay Harbor,,
https://s3.amazonaws.com/gms-gallery/IMG_20160122_113503586_HDR.jpg,https://s3.amazonaws.com/gms-gallery/thumb/IMG_20160122_113503586_HDR.jpg,pens,Booth Bay more Boats,,
https://s3.amazonaws.com/gms-gallery/IMG_20160122_113512764_HDR.jpg,https://s3.amazonaws.com/gms-gallery/thumb/IMG_20160122_113512764_HDR.jpg,pens,Booth Bay Port,,
https://s3.amazonaws.com/gms-gallery/IMG_20160122_113522927.jpg,https://s3.amazonaws.com/gms-gallery/thumb/IMG_20160122_113522927.jpg,pens,Booth Bay Dock,,
https://s3.amazonaws.com/gms-gallery/IMG_20160122_113533069_HDR.jpg,https://s3.amazonaws.com/gms-gallery/thumb/IMG_20160122_113533069_HDR.jpg,pens,Viscaya,,
https://s3.amazonaws.com/gms-gallery/IMG_20160122_113540770_HDR.jpg,https://s3.amazonaws.com/gms-gallery/thumb/IMG_20160122_113540770_HDR.jpg,pens,Greenport,,
https://s3.amazonaws.com/gms-gallery/IMG_20160122_113551867_HDR.jpg,https://s3.amazonaws.com/gms-gallery/thumb/IMG_20160122_113551867_HDR.jpg,pens,Booth Bay Tour boat,,
https://s3.amazonaws.com/gms-gallery/IMG_20160122_113559264.jpg,https://s3.amazonaws.com/gms-gallery/thumb/IMG_20160122_113559264.jpg,pens,Maine Harbor,,
https://s3.amazonaws.com/gms-gallery/IMG_20160122_113729714.jpg,https://s3.amazonaws.com/gms-gallery/thumb/IMG_20160122_113729714.jpg,pens,Salesian Entrance,,
https://s3.amazonaws.com/gms-gallery/IMG_20160122_113736527.jpg,https://s3.amazonaws.com/gms-gallery/thumb/IMG_20160122_113736527.jpg,pens,Salesian Back door,,
https://s3.amazonaws.com/gms-gallery/IMG_20160122_113743583_HDR.jpg,https://s3.amazonaws.com/gms-gallery/thumb/IMG_20160122_113743583_HDR.jpg,pens,Salesian Gym,,
https://s3.amazonaws.com/gms-gallery/IMG_20160122_113758015_HDR.jpg,https://s3.amazonaws.com/gms-gallery/thumb/IMG_20160122_113758015_HDR.jpg,pens,Glen Island View,,
https://s3.amazonaws.com/gms-gallery/IMG_20160122_113849470.jpg,https://s3.amazonaws.com/gms-gallery/thumb/IMG_20160122_113849470.jpg,pens,Branenton sketch,,
https://s3.amazonaws.com/gms-gallery/IMG_20160122_114915134_HDR.jpg,https://s3.amazonaws.com/gms-gallery/thumb/IMG_20160122_114915134_HDR.jpg,pens,Setting Sails,,
https://s3.amazonaws.com/gms-gallery/IMG_20160122_115053029_HDR.jpg,https://s3.amazonaws.com/gms-gallery/thumb/IMG_20160122_115053029_HDR.jpg,pens,Tank Soldiers Taking a Break,,
https://s3.amazonaws.com/gms-gallery/IMG_20160122_115604979_HDR.jpg,https://s3.amazonaws.com/gms-gallery/thumb/IMG_20160122_115604979_HDR.jpg,pens,Maine Dock,,
https://s3.amazonaws.com/gms-gallery/IMG_20160122_115615908_HDR.jpg,https://s3.amazonaws.com/gms-gallery/thumb/IMG_20160122_115615908_HDR.jpg,pens,Met's Hit,,
https://s3.amazonaws.com/gms-gallery/IMG_20160122_115621437_HDR.jpg,https://s3.amazonaws.com/gms-gallery/thumb/IMG_20160122_115621437_HDR.jpg,pens,Lake Worth Bridge,,
https://s3.amazonaws.com/gms-gallery/IMG_20160122_115629590_HDR.jpg,https://s3.amazonaws.com/gms-gallery/thumb/IMG_20160122_115629590_HDR.jpg,pens,Greenport Drydock,,
https://s3.amazonaws.com/gms-gallery/IMG_20160122_115640758_HDR.jpg,https://s3.amazonaws.com/gms-gallery/thumb/IMG_20160122_115640758_HDR.jpg,pens,Lake Worth House,,
https://s3.amazonaws.com/gms-gallery/IMG_20160122_115722185_HDR.jpg,https://s3.amazonaws.com/gms-gallery/thumb/IMG_20160122_115722185_HDR.jpg,pens,Savana Bibycle,,
https://s3.amazonaws.com/gms-gallery/IMG_20160122_115735489_HDR.jpg,https://s3.amazonaws.com/gms-gallery/thumb/IMG_20160122_115735489_HDR.jpg,pens,Tanning,,
https://s3.amazonaws.com/gms-gallery/IMG_20160122_115748080_HDR.jpg,https://s3.amazonaws.com/gms-gallery/thumb/IMG_20160122_115748080_HDR.jpg,pens,Long Harbor,,
https://s3.amazonaws.com/gms-gallery/IMG_20160122_123919.jpg,https://s3.amazonaws.com/gms-gallery/thumb/IMG_20160122_123919.jpg,pens,Glen Island Bridge,,
https://s3.amazonaws.com/gms-gallery/IMG_20160122_124008.jpg,https://s3.amazonaws.com/gms-gallery/thumb/IMG_20160122_124008.jpg,pens,Low Tide Lower Harbor,,
https://s3.amazonaws.com/gms-gallery/IMG_20160122_124145.jpg,https://s3.amazonaws.com/gms-gallery/thumb/IMG_20160122_124145.jpg,pens,Amsterdam Harbor,,
https://s3.amazonaws.com/gms-gallery/IMG_20160122_124229.jpg,https://s3.amazonaws.com/gms-gallery/thumb/IMG_20160122_124229.jpg,pens,Maine Dock,,
https://s3.amazonaws.com/gms-gallery/IMG_20160122_124305.jpg,https://s3.amazonaws.com/gms-gallery/thumb/IMG_20160122_124305.jpg,pens,Famous Light House,,
https://s3.amazonaws.com/gms-gallery/IMG_20160122_124612.jpg,https://s3.amazonaws.com/gms-gallery/thumb/IMG_20160122_124612.jpg,pens,Glen Island Bridge Open,,
https://s3.amazonaws.com/gms-gallery/IMG_20160122_124724.jpg,https://s3.amazonaws.com/gms-gallery/thumb/IMG_20160122_124724.jpg,pens,West Palm Bench Pidgeons,,
https://s3.amazonaws.com/gms-gallery/IMG_20160122_140127023.jpg,https://s3.amazonaws.com/gms-gallery/thumb/IMG_20160122_140127023.jpg,pen-washes,Bradenton Harbor,9 x 11,
https://s3.amazonaws.com/gms-gallery/IMG_20160122_140141825.jpg,https://s3.amazonaws.com/gms-gallery/thumb/IMG_20160122_140141825.jpg,pen-washes,Amsterdam Harbor,9 x 11,
https://s3.amazonaws.com/gms-gallery/IMG_20160122_140159822.jpg,https://s3.amazonaws.com/gms-gallery/thumb/IMG_20160122_140159822.jpg,pen-washes,Venice Gondola,9 x 11,
https://s3.amazonaws.com/gms-gallery/IMG_20160122_140216743.jpg,https://s3.amazonaws.com/gms-gallery/thumb/IMG_20160122_140216743.jpg,pen-washes,Venice Bridge and Canal,6 x 8.5,
https://s3.amazonaws.com/gms-gallery/IMG_20160122_140226224.jpg,https://s3.amazonaws.com/gms-gallery/thumb/IMG_20160122_140226224.jpg,pen-washes,Parkview View,9 x 11,
https://s3.amazonaws.com/gms-gallery/IMG_20160122_140233716.jpg,https://s3.amazonaws.com/gms-gallery/thumb/IMG_20160122_140233716.jpg,pen-washes,Boats at Amsterdam,8.5 x 10,
https://s3.amazonaws.com/gms-gallery/IMG_20160122_140246724.jpg,https://s3.amazonaws.com/gms-gallery/thumb/IMG_20160122_140246724.jpg,pen-washes,Juan Sebastian Pier 4 Charlestown,9 x 11,
https://s3.amazonaws.com/gms-gallery/IMG_20160122_140255769.jpg,https://s3.amazonaws.com/gms-gallery/thumb/IMG_20160122_140255769.jpg,pen-washes,View from My Window,9 x 10.5,
https://s3.amazonaws.com/gms-gallery/IMG_20160122_140304122.jpg,https://s3.amazonaws.com/gms-gallery/thumb/IMG_20160122_140304122.jpg,pen-washes,Maine Sunset,4 x 7,
https://s3.amazonaws.com/gms-gallery/IMG_20160122_140312052.jpg,https://s3.amazonaws.com/gms-gallery/thumb/IMG_20160122_140312052.jpg,pen-washes,Savana Tugs,7 x 9,
https://s3.amazonaws.com/gms-gallery/IMG_20160122_140319252.jpg,https://s3.amazonaws.com/gms-gallery/thumb/IMG_20160122_140319252.jpg,pen-washes,Lighthouse Tarrytown,6.5 x 9.5,
https://s3.amazonaws.com/gms-gallery/IMG_20160122_110752051.jpg,https://s3.amazonaws.com/gms-gallery/thumb/IMG_20160122_110752051.jpg,living-sketches,,,
https://s3.amazonaws.com/gms-gallery/IMG_20160122_110859947.jpg,https://s3.amazonaws.com/gms-gallery/thumb/IMG_20160122_110859947.jpg,living-sketches,,,
https://s3.amazonaws.com/gms-gallery/IMG_20160122_112749365.jpg,https://s3.amazonaws.com/gms-gallery/thumb/IMG_20160122_112749365.jpg,living-sketches,,,
https://s3.amazonaws.com/gms-gallery/IMG_20160122_112813904.jpg,https://s3.amazonaws.com/gms-gallery/thumb/IMG_20160122_112813904.jpg,living-sketches,,,
https://s3.amazonaws.com/gms-gallery/IMG_20160122_112832275.jpg,https://s3.amazonaws.com/gms-gallery/thumb/IMG_20160122_112832275.jpg,living-sketches,,,
https://s3.amazonaws.com/gms-gallery/IMG_20160122_112838811.jpg,https://s3.amazonaws.com/gms-gallery/thumb/IMG_20160122_112838811.jpg,living-sketches,,,
https://s3.amazonaws.com/gms-gallery/IMG_20160122_112845979.jpg,https://s3.amazonaws.com/gms-gallery/thumb/IMG_20160122_112845979.jpg,living-sketches,,,
https://s3.amazonaws.com/gms-gallery/IMG_20160122_112918168.jpg,https://s3.amazonaws.com/gms-gallery/thumb/IMG_20160122_112918168.jpg,living-sketches,,,
https://s3.amazonaws.com/gms-gallery/IMG_20160122_112930247_HDR.jpg,https://s3.amazonaws.com/gms-gallery/thumb/IMG_20160122_112930247_HDR.jpg,living-sketches,,,
https://s3.amazonaws.com/gms-gallery/IMG_20160122_112954757_HDR.jpg,https://s3.amazonaws.com/gms-gallery/thumb/IMG_20160122_112954757_HDR.jpg,living-sketches,,,
https://s3.amazonaws.com/gms-gallery/IMG_20160122_113004053_HDR.jpg,https://s3.amazonaws.com/gms-gallery/thumb/IMG_20160122_113004053_HDR.jpg,living-sketches,,,
https://s3.amazonaws.com/gms-gallery/IMG_20160122_113046526.jpg,https://s3.amazonaws.com/gms-gallery/thumb/IMG_20160122_113046526.jpg,living-sketches,,,
https://s3.amazonaws.com/gms-gallery/IMG_20160122_113109422.jpg,https://s3.amazonaws.com/gms-gallery/thumb/IMG_20160122_113109422.jpg,living-sketches,,,
https://s3.amazonaws.com/gms-gallery/IMG_20160122_113323024_HDR.jpg,https://s3.amazonaws.com/gms-gallery/thumb/IMG_20160122_113323024_HDR.jpg,living-sketches,,,
https://s3.amazonaws.com/gms-gallery/IMG_20160122_113642816_HDR.jpg,https://s3.amazonaws.com/gms-gallery/thumb/IMG_20160122_113642816_HDR.jpg,living-sketches,,,
https://s3.amazonaws.com/gms-gallery/IMG_20160122_113703518_HDR.jpg,https://s3.amazonaws.com/gms-gallery/thumb/IMG_20160122_113703518_HDR.jpg,living-sketches,,,
https://s3.amazonaws.com/gms-gallery/IMG_20160122_114808186.jpg,https://s3.amazonaws.com/gms-gallery/thumb/IMG_20160122_114808186.jpg,living-sketches,,,
https://s3.amazonaws.com/gms-gallery/IMG_20160122_114819006_HDR.jpg,https://s3.amazonaws.com/gms-gallery/thumb/IMG_20160122_114819006_HDR.jpg,living-sketches,,,
https://s3.amazonaws.com/gms-gallery/IMG_20160122_114824930.jpg,https://s3.amazonaws.com/gms-gallery/thumb/IMG_20160122_114824930.jpg,living-sketches,,,
https://s3.amazonaws.com/gms-gallery/IMG_20160122_114830399.jpg,https://s3.amazonaws.com/gms-gallery/thumb/IMG_20160122_114830399.jpg,living-sketches,,,
https://s3.amazonaws.com/gms-gallery/IMG_20160122_114849391.jpg,https://s3.amazonaws.com/gms-gallery/thumb/IMG_20160122_114849391.jpg,living-sketches,,,
https://s3.amazonaws.com/gms-gallery/IMG_20160122_114936845_HDR.jpg,https://s3.amazonaws.com/gms-gallery/thumb/IMG_20160122_114936845_HDR.jpg,living-sketches,,,
https://s3.amazonaws.com/gms-gallery/IMG_20160122_115011902.jpg,https://s3.amazonaws.com/gms-gallery/thumb/IMG_20160122_115011902.jpg,living-sketches,,,
https://s3.amazonaws.com/gms-gallery/IMG_20160122_115025929_HDR.jpg,https://s3.amazonaws.com/gms-gallery/thumb/IMG_20160122_115025929_HDR.jpg,living-sketches,,,
https://s3.amazonaws.com/gms-gallery/IMG_20160122_115031550.jpg,https://s3.amazonaws.com/gms-gallery/thumb/IMG_20160122_115031550.jpg,living-sketches,,,
https://s3.amazonaws.com/gms-gallery/IMG_20160122_115038468.jpg,https://s3.amazonaws.com/gms-gallery/thumb/IMG_20160122_115038468.jpg,living-sketches,,,
https://s3.amazonaws.com/gms-gallery/IMG_20160122_115146596.jpg,https://s3.amazonaws.com/gms-gallery/thumb/IMG_20160122_115146596.jpg,living-sketches,,,
https://s3.amazonaws.com/gms-gallery/IMG_20160122_115223657.jpg,https://s3.amazonaws.com/gms-gallery/thumb/IMG_20160122_115223657.jpg,living-sketches,,,
https://s3.amazonaws.com/gms-gallery/IMG_20160122_115304802_HDR.jpg,https://s3.amazonaws.com/gms-gallery/thumb/IMG_20160122_115304802_HDR.jpg,living-sketches,,,
https://s3.amazonaws.com/gms-gallery/IMG_20160122_115323120.jpg,https://s3.amazonaws.com/gms-gallery/thumb/IMG_20160122_115323120.jpg,living-sketches,,,
https://s3.amazonaws.com/gms-gallery/IMG_20160122_115333458.jpg,https://s3.amazonaws.com/gms-gallery/thumb/IMG_20160122_115333458.jpg,living-sketches,,,
https://s3.amazonaws.com/gms-gallery/IMG_20160122_115402003_HDR.jpg,https://s3.amazonaws.com/gms-gallery/thumb/IMG_20160122_115402003_HDR.jpg,living-sketches,,,
https://s3.amazonaws.com/gms-gallery/IMG_20160122_115449210.jpg,https://s3.amazonaws.com/gms-gallery/thumb/IMG_20160122_115449210.jpg,living-sketches,,,
https://s3.amazonaws.com/gms-gallery/IMG_20160122_115453241.jpg,https://s3.amazonaws.com/gms-gallery/thumb/IMG_20160122_115453241.jpg,living-sketches,,,
https://s3.amazonaws.com/gms-gallery/IMG_20160122_115459194_HDR.jpg,https://s3.amazonaws.com/gms-gallery/thumb/IMG_20160122_115459194_HDR.jpg,living-sketches,,,
https://s3.amazonaws.com/gms-gallery/IMG_20160122_115515874.jpg,https://s3.amazonaws.com/gms-gallery/thumb/IMG_20160122_115515874.jpg,living-sketches,,,
https://s3.amazonaws.com/gms-gallery/IMG_20160122_115539614_HDR.jpg,https://s3.amazonaws.com/gms-gallery/thumb/IMG_20160122_115539614_HDR.jpg,living-sketches,,,
https://s3.amazonaws.com/gms-gallery/IMG_20160121_113012.jpg,https://s3.amazonaws.com/gms-gallery/thumb/IMG_20160121_113012.jpg,seascape-paintings,Long Beach Pier San Diego,14 x 20,
https://s3.amazonaws.com/gms-gallery/IMG_20160121_113105.jpg,https://s3.amazonaws.com/gms-gallery/thumb/IMG_20160121_113105.jpg,seascape-paintings,Famous Lighthouse,14 x 20,
https://s3.amazonaws.com/gms-gallery/IMG_20160121_113207.jpg,https://s3.amazonaws.com/gms-gallery/thumb/IMG_20160121_113207.jpg,seascape-paintings,Moroco Buildings,14 x 20,
https://s3.amazonaws.com/gms-gallery/IMG_20160121_113401.jpg,https://s3.amazonaws.com/gms-gallery/thumb/IMG_20160121_113401.jpg,seascape-paintings,Moonlit Dunes,14 x 20,
https://s3.amazonaws.com/gms-gallery/IMG_20160122_101658101.jpg,https://s3.amazonaws.com/gms-gallery/thumb/IMG_20160122_101658101.jpg,seascape-paintings,Boston Skyline,14 x 20,
https://s3.amazonaws.com/gms-gallery/IMG_20160122_102154855.jpg,https://s3.amazonaws.com/gms-gallery/thumb/IMG_20160122_102154855.jpg,seascape-paintings,Boston Harbor,10 x 20,
https://s3.amazonaws.com/gms-gallery/IMG_20160122_104807622.jpg,https://s3.amazonaws.com/gms-gallery/thumb/IMG_20160122_104807622.jpg,seascape-paintings,Venice Canal,11 x 14,
https://s3.amazonaws.com/gms-gallery/IMG_20160122_104854317.jpg,https://s3.amazonaws.com/gms-gallery/thumb/IMG_20160122_104854317.jpg,seascape-paintings,House by the Sea,11 x 14,
https://s3.amazonaws.com/gms-gallery/IMG_20160122_105132960.jpg,https://s3.amazonaws.com/gms-gallery/thumb/IMG_20160122_105132960.jpg,seascape-paintings,West Palm Beach Pen and Wash,10 x 14,
https://s3.amazonaws.com/gms-gallery/IMG_20160122_105235792.jpg,https://s3.amazonaws.com/gms-gallery/thumb/IMG_20160122_105235792.jpg,seascape-paintings,Palet,6 x 8,
https://s3.amazonaws.com/gms-gallery/IMG_20160122_105532507.jpg,https://s3.amazonaws.com/gms-gallery/thumb/IMG_20160122_105532507.jpg,seascape-paintings,Newman Island Boathouse,10 x 14 p&w,
https://s3.amazonaws.com/gms-gallery/IMG_20160122_105617366.jpg,https://s3.amazonaws.com/gms-gallery/thumb/IMG_20160122_105617366.jpg,seascape-paintings,Old Mill Pen and Wash,10 x 14 p&w,
https://s3.amazonaws.com/gms-gallery/IMG_20160122_105939141.jpg,https://s3.amazonaws.com/gms-gallery/thumb/IMG_20160122_105939141.jpg,seascape-paintings,Maine Dock loose,4.75 X 6.75,
https://s3.amazonaws.com/gms-gallery/IMG_20160122_112059710.jpg,https://s3.amazonaws.com/gms-gallery/thumb/IMG_20160122_112059710.jpg,seascape-paintings,Old Ironsides Sunset Charlestown,9 X 13,
https://s3.amazonaws.com/gms-gallery/IMG_20160122_112458569.jpg,https://s3.amazonaws.com/gms-gallery/thumb/IMG_20160122_112458569.jpg,seascape-paintings,Maine Dock,10 x 14,
https://s3.amazonaws.com/gms-gallery/IMG_20160122_110522523.jpg,https://s3.amazonaws.com/gms-gallery/thumb/IMG_20160122_110522523.jpg,seascape-sketches,,,
https://s3.amazonaws.com/gms-gallery/IMG_20160122_110707590.jpg,https://s3.amazonaws.com/gms-gallery/thumb/IMG_20160122_110707590.jpg,seascape-sketches,,,
https://s3.amazonaws.com/gms-gallery/IMG_20160122_110851851.jpg,https://s3.amazonaws.com/gms-gallery/thumb/IMG_20160122_110851851.jpg,seascape-sketches,,,
https://s3.amazonaws.com/gms-gallery/IMG_20160122_110910543.jpg,https://s3.amazonaws.com/gms-gallery/thumb/IMG_20160122_110910543.jpg,seascape-sketches,,,
https://s3.amazonaws.com/gms-gallery/IMG_20160122_110924629.jpg,https://s3.amazonaws.com/gms-gallery/thumb/IMG_20160122_110924629.jpg,seascape-sketches,,,
https://s3.amazonaws.com/gms-gallery/IMG_20160122_111010018.jpg,https://s3.amazonaws.com/gms-gallery/thumb/IMG_20160122_111010018.jpg,seascape-sketches,,,
https://s3.amazonaws.com/gms-gallery/IMG_20160122_111300597_HDR.jpg,https://s3.amazonaws.com/gms-gallery/thumb/IMG_20160122_111300597_HDR.jpg,seascape-sketches,,,
https://s3.amazonaws.com/gms-gallery/IMG_20160122_111340376_HDR.jpg,https://s3.amazonaws.com/gms-gallery/thumb/IMG_20160122_111340376_HDR.jpg,seascape-sketches,,,
https://s3.amazonaws.com/gms-gallery/IMG_20160122_111657947.jpg,https://s3.amazonaws.com/gms-gallery/thumb/IMG_20160122_111657947.jpg,seascape-sketches,,,
https://s3.amazonaws.com/gms-gallery/IMG_20160122_114103836_HDR.jpg,https://s3.amazonaws.com/gms-gallery/thumb/IMG_20160122_114103836_HDR.jpg,seascape-sketches,,,
https://s3.amazonaws.com/gms-gallery/IMG_20160122_114757138_HDR.jpg,https://s3.amazonaws.com/gms-gallery/thumb/IMG_20160122_114757138_HDR.jpg,seascape-sketches,,,
https://s3.amazonaws.com/gms-gallery/IMG_20160122_115020060_HDR.jpg,https://s3.amazonaws.com/gms-gallery/thumb/IMG_20160122_115020060_HDR.jpg,seascape-sketches,,,
https://s3.amazonaws.com/gms-gallery/IMG_20160122_115242592_HDR.jpg,https://s3.amazonaws.com/gms-gallery/thumb/IMG_20160122_115242592_HDR.jpg,seascape-sketches,,,
https://s3.amazonaws.com/gms-gallery/IMG_20160122_115600176_HDR.jpg,https://s3.amazonaws.com/gms-gallery/thumb/IMG_20160122_115600176_HDR.jpg,seascape-sketches,,,
https://s3.amazonaws.com/gms-gallery/IMG_20160122_115821673_HDR.jpg,https://s3.amazonaws.com/gms-gallery/thumb/IMG_20160122_115821673_HDR.jpg,seascape-sketches,,,
https://s3.amazonaws.com/gms-gallery/IMG_20160122_115904823_HDR.jpg,https://s3.amazonaws.com/gms-gallery/thumb/IMG_20160122_115904823_HDR.jpg,seascape-sketches,,,
https://s3.amazonaws.com/gms-gallery/IMG_20160108_150332990.jpg,https://s3.amazonaws.com/gms-gallery/thumb/IMG_20160108_150332990.jpg,snowscape-paintings,New Rochelle Home - 85 Verdun,14 x 20,
https://s3.amazonaws.com/gms-gallery/IMG_20160121_112055~2.jpg,https://s3.amazonaws.com/gms-gallery/thumb/IMG_20160121_112055~2.jpg,snowscape-paintings,Manor Park Stairway,14 x 20,
https://s3.amazonaws.com/gms-gallery/IMG_20160121_112208~2.jpg,https://s3.amazonaws.com/gms-gallery/thumb/IMG_20160121_112208~2.jpg,snowscape-paintings,Manor Park Gazebo,11 x 13.5,
https://s3.amazonaws.com/gms-gallery/IMG_20160121_113624.jpg,https://s3.amazonaws.com/gms-gallery/thumb/IMG_20160121_113624.jpg,snowscape-paintings,Small Cabin Colorado,14 x 20,
https://s3.amazonaws.com/gms-gallery/IMG_20160121_113654.jpg,https://s3.amazonaws.com/gms-gallery/thumb/IMG_20160121_113654.jpg,snowscape-paintings,Conastoga Wagon Rockies,14 x 20,
https://s3.amazonaws.com/gms-gallery/IMG_20160121_114008.jpg,https://s3.amazonaws.com/gms-gallery/thumb/IMG_20160121_114008.jpg,snowscape-paintings,Blue Sky Manor Park,10 x 14,
https://s3.amazonaws.com/gms-gallery/IMG_20160121_114044.jpg,https://s3.amazonaws.com/gms-gallery/thumb/IMG_20160121_114044.jpg,snowscape-paintings,Cold Manor Park Gazebo,11 x 14,
https://s3.amazonaws.com/gms-gallery/IMG_20160122_112314245.jpg,https://s3.amazonaws.com/gms-gallery/thumb/IMG_20160122_112314245.jpg,snowscape-paintings,Christmas Card 2015,7 x 10,
https://s3.amazonaws.com/gms-gallery/IMG_20160122_112347306.jpg,https://s3.amazonaws.com/gms-gallery/thumb/IMG_20160122_112347306.jpg,snowscape-paintings,Christmas Card 2014,6 x 8,
https://s3.amazonaws.com/gms-gallery/IMG_20160122_110432988.jpg,https://s3.amazonaws.com/gms-gallery/thumb/IMG_20160122_110432988.jpg,snowscape-sketches,,,
https://s3.amazonaws.com/gms-gallery/IMG_20160122_110832540.jpg,https://s3.amazonaws.com/gms-gallery/thumb/IMG_20160122_110832540.jpg,snowscape-sketches,,,
https://s3.amazonaws.com/gms-gallery/IMG_20160122_110838412.jpg,https://s3.amazonaws.com/gms-gallery/thumb/IMG_20160122_110838412.jpg,snowscape-sketches,,,
https://s3.amazonaws.com/gms-gallery/IMG_20160122_111815818_HDR.jpg,https://s3.amazonaws.com/gms-gallery/thumb/IMG_20160122_111815818_HDR.jpg,snowscape-sketches,,,
https://s3.amazonaws.com/gms-gallery/IMG_20160122_111823942_HDR.jpg,https://s3.amazonaws.com/gms-gallery/thumb/IMG_20160122_111823942_HDR.jpg,snowscape-sketches,,,
https://s3.amazonaws.com/gms-gallery/IMG_20160122_114113975_HDR.jpg,https://s3.amazonaws.com/gms-gallery/thumb/IMG_20160122_114113975_HDR.jpg,snowscape-sketches,,,